user,type,Mental,Physical,Temporal,Performance,Effort,Frustration,Mean
zeng,adjust,20,35,35,20,20,35,27.5
zeng,confirm,65,55,55,65,40,65,57.5
zeng,hand,70,80,60,65,60,90,70.83333333
le,adjust,15,25,25,5,20,10,16.66666667
le,confirm,20,25,25,25,25,30,25
le,hand,35,50,40,40,40,50,42.5
gao,adjust,5,20,10,20,15,15,14.16666667
gao,confirm,10,20,15,25,20,30,20
gao,hand,15,50,40,55,50,65,45.83333333
